<?xml version="1.0" encoding="UTF-8"?>
<project-private xmlns="http://www.netbeans.org/ns/project-private/1">
    <editor-bookmarks xmlns="http://www.netbeans.org/ns/editor-bookmarks/2" lastBookmarkId="0"/>
    <open-files xmlns="http://www.netbeans.org/ns/projectui-open-files/2">
        <group>
            <file>file:/F:/LAB4/bookstore/web/view/bookstore_home.jsp</file>
            <file>file:/F:/LAB4/bookstore/web/view/css/book_home.css</file>
            <file>file:/F:/LAB4/bookstore/web/view/css/bookbackground.css</file>
        </group>
    </open-files>
</project-private>
