<?xml version="1.0" encoding="UTF-8"?>
<project-private xmlns="http://www.netbeans.org/ns/project-private/1">
    <editor-bookmarks xmlns="http://www.netbeans.org/ns/editor-bookmarks/2" lastBookmarkId="0"/>
    <open-files xmlns="http://www.netbeans.org/ns/projectui-open-files/2">
        <group>
            <file>file:/F:/LAB4/bookstore/web/view/author_user.jsp</file>
            <file>file:/F:/LAB4/bookstore/src/java/dao/WishListDao.java</file>
            <file>file:/F:/LAB4/bookstore/src/java/dao/CustomerDao.java</file>
            <file>file:/F:/LAB4/bookstore/src/java/dao/AuthorDao.java</file>
            <file>file:/F:/LAB4/bookstore/web/view/author.jsp</file>
            <file>file:/F:/LAB4/bookstore/web/view/bookPage_user.jsp</file>
            <file>file:/F:/LAB4/bookstore/src/java/models/Book.java</file>
            <file>file:/F:/LAB4/bookstore/src/java/models/Customer.java</file>
            <file>file:/F:/LAB4/bookstore/web/view/bookstore_home.jsp</file>
            <file>file:/F:/LAB4/bookstore/src/java/dao/CartDao.java</file>
            <file>file:/F:/LAB4/bookstore/web/view/css/book_home.css</file>
            <file>file:/F:/LAB4/bookstore/web/view/bookPage.jsp</file>
            <file>file:/F:/LAB4/bookstore/web/view/Study_user.jsp</file>
            <file>file:/F:/LAB4/bookstore/web/view/wishlist_user.jsp</file>
            <file>file:/F:/LAB4/bookstore/web/view/Study.jsp</file>
        </group>
    </open-files>
</project-private>
